MENU_LEVEL,MENU_TREE,MENU_ID,,96122,96512,92077,97037,9051,15070,15101,08363,22012,15257,21001,08375,92260
1,  Tax System,5,,,,,,,,,P,,P,P,,
2,    Master Parameter,6,,,,,,,,,,,,,,
3,      Parameters,7,,,,,,,,,,,,,,
3,      Prefix Maintenance,8,,,,,,,,,,,,,,
3,      WHT Running No.,9,,P,,,,,,,,,,,,
2,    Input Tax,10,,,,,,,,,P,,P,P,,
3,      Transfer Input Tax,11,,,,,, ,,,P, ,P,P,,
3,      Maintain Input Tax,12,,P,P,,,P,,,P,P,P,P,,
3,      Input Tax Report,13,,P,,,,P,,,P,P,P,P,,
2,    Output Tax,14,,,,,,,,,P,,P,P,,
3,"      Transfer Output Tax (Fix Enterprise Unit)
",15,,P,,,,,,,P,,P,P,,
3,      Transfer Receipt to Output Tax,16,,P,,,,,,,P,,P,P,,
3,      Maintain Output tax,17,,P,,,,,,,P,,P,P,,
3,      Output tax Report,18,,P,,,,,,,P,,P,P,,
3,      รายงานภาษีขาย 0,19,,P,,,,,,,P,,P,P,,
3,      Output tax Report(ยื่นเพิ่ม),20,,,,,,,,,P,,P,P,,
3,      รายงานภาษีขาย0% (ยื่นเพิ่ม),21,,,,,,,,,P,,P,P,,
2,    WHT Tax,22,,,,,,,,,P,,P,P,,
3,      Transfer Withholdding Tax (STD),23,,P,,,,,,,,,,,,
3,      Maintain Witholding Tax,24,,P,,,,,,,P,,,P,,
3,      Generate WHT Number - Group by Rate,25,,P,,,,,,, ,, , ,,
3,      TWI Printing (Non-preprint From),26,,P,,,,,,,,,,,,
3,      Cacel Withholding Tax,27,,P,,,,,,,,,,,,
3,      Phor ngor dor Printing,28,,,,,,,,,P,,P,P,,
3,      Special WHT Report,29,,,,,,,,,P,,P,P,,
3,      RE-Activated Status Witholding Tax,30,,,,,,,,,,,,,,
3,      Update Receipt No for Special WHT Report,31,,,,,,,,,P,,P,P,,
3,      Witholding Tax,32,,P,,,,,,,P,,P,P,,
3,      Download Phor Ngor Dor (CSV File),33,,,,,,,,,P,,P,P,,
3,      Withholding Tax by Invoic,34,,P,,,,,,,,,,,,
1,  Add-On Program,35,,,,,,,,,P,,P,P,,
2,    Fixed Assets,36,,,,,,,,,,,,,,
3,      Transfer FAM to LN,37,,,,,,,,,P,,,P,,
3,      Create Assets Process,38,,,,,,,,,P,,,P,,
3,      Dispose Assets Process,39,,,,,,,,,P,,,P,,
3,      Create Assets for Write Off,40,,,,,,,,,P,,,P,,
3,      Maintain Assets for Write Off,41,,,,,,,,,P,,,P,,
3,      Write Off Process,42,,,,,,,,,P,,,P,,
3,      Write CSV File GL for Write Off,43,,,,,,,,,P,,,P,,
3,      Write CSV File GL for Depreciation,44,,,,,,,,,P,,,P,,
3,      Fixed Asset Register,45,,,,,,,,,P,,,P,,
3,      Report of Fixed Assets Write-Off Book Value 1 Baht,46,,,,,,,,,P,,,P,,
3,      Fixed Asset Transaction in This Moth,47,,,,,,,,,P,,,P,,
3,      Deprecaiation Report bu Group,48,,,,,,,,,P,,,P,,
3,      Report Assets for Dispose,49,,,,,,,,,P,,,P,,
3,      Fixed Asset Register (Plan),50,,,,,,,,,P,,,P,,
3,      Create GL Data of Deprciation,51,,,,,,,,,P,,,P,,
3,      Create GL Data of Write Off,52,,,,,,,,,P,,,P,,
3,      Miscellaneous,53,,,,,,,,,P,,,P,,
4,        Change DDB to SL,54,,,,,,,,,P,,,P,,
4,        Change DDB to SL Inquiry,55,,,, , ,,,,P,,,P,,
2,    AP and Payment,56,,,,P,,,,,,,,,,
3,      Bank Accounts by Pay-to Business Partner,57,,,,,,P,,,,P,,,,
3,      AP Month End,58,,,P,,,P,,,,P,,,,
3,      Recovery AP Month-End,59,,,P,,,P,,,,P,,,,
3,      Display AP Month End Data,60,,,P,,,P,,,,P,,,,
3,      Standard Cost Import From Excel,61,,,,,,P,,,,P,,,,
3,      Transfer Standard Cost tot ACP,62,,,,,,P,,,,P,,,,
3,      Purchase Price Variance,63,,,,,,P,,,,P,,,,
3,      Summary AP Invoice Report,64,,,,,,P,,,,P,,,,
3,      Summary Account Payable,65,,,P,,,P,,,,P,,,,
3,      Summary Account Payable  - Outstanding,66,,,P,,,P,,,,P,,,,
3,      A/P Revaluation Report,67,,,P,,,P,,,,P,,,,
3,      Payment Report for Vendor,68,,,,P,P,,,,,,,,,
3,      Summary of Billing Receipt Slip,69,,,,,,,,,,,,,,
3,      Data Transfer to Bank,70,,,,P,P,,,,,,,,,
3,      AP Data Import From Excel,71,,,,,,P,,,,P,,,,
3,      Upload AP Invoice,72,,,,,,P,,,,P,,,,
3,      Transfer Payment To BAY,73,,,,P,P,,,,,,,,,
3,      Write Temp file for Oversea Payment,74,,,,P,P,,,,,,,,,
3,      Temp file for Oversea Payment,75,,,,P,P,,,,,,,,,
3,      Export Textfile for Oversea Payment,76,,,,P,P,,,,,,,,,
3,      Transfer Payment Netting,77,,,,P,P,,,,,,,,,
2,    AR and Collection,78,,,,,,,,,P,,P,P,,
3,      AR Month End,80,,P,,,,,,,,,,,,
3,      Recover AR Month End,81,,P,,,,,,,,,,,,
3,      Display AR Month End Data,82,,P,,,,,,,,,,,,
3,      Summary AR Invoice Report,83,,P,,,,,,,,,,,,
3,      Summary Account Receivable - Outstanding,84,,P,,,,,,,,,,,,
3,      A/R Revaluation Report,85,,P,,,,,,,,,,,,
3,      Print Invoice,86,,P,,,,,,,,,,,,
3,      เลขที่ใบขน Import from Excel,87,,P,,,,,,,P,,P,P,,
3,      Update เลขที่ใบขน,88,,P,,,,,,,P,,P,P,,
3,      Print Receipt,89,,P,,,,,,,,,,,,
3,      AR Data Import From Excel,90,,P,,,,,,,,,,,,
3,      Upload AR Invoice,91,,P,,,,,,,,,,,,
3,      E-TAX Invoice Import from Excel,92,,P,,,,,,,P,,P,P,,
3,      E-TAX Invoice Printing,93,,P,,,,,,,P,,P,P,,
3,      Sale Data Import from Excel,94,,P,,,,,,,,,,,,
3,      Create Direct Debit Batch,95,,P,,,,,,,,,,,,
2,    General Ladger,96,,,,P,,,,,,,,P,,
3,      Journal Voucher,97,,P,P,P,P,P,,P,P,P,P,P,,
3,      Journal Voucher (1),98,,P,P,P,P,P,P,P,P,P,P,P,,
3,      GL Data Import from Excel,99,,P,P,,,P,,P,P,P,P,P,,
3,      Upload GL,100,,P,P,,,P,,P,P,P,P,P,,
3,      Transaction List,101,,P,P,P,P,P,P,P,P,P,P,P,,
3,      Receipt/Disbursement Slip,102,,P,,P,P,,,,P,,P,P,,
3,      Receipt/Disbursement Slip(1),103,,P,,P,P,,,,P,,P,P,,
3,      Cash Flow Report,104,,,,P,P,,,,,,,,,
3,      Create GL Data of AR Revaluation,105,,P,,,,,,,,,,,,
3,      Create GL data of AP Revaluation,106,,,P,,,P,,,,P,,,,
3,      Write Data for CDGIS,107,,,P,,,,,,,,,,,
3,      Write Data fot CDGIS(Display),108,,,P,,,,,,,,,,,
3,      CDGIS Master,109,,,P,,,,,,,,,,,
3,      Write Excel for CDGIS,110,,,P,,,,,,,,,,,
3,      Trial Balance For Excel,111,,,,,,P,,,,,,,,
2,    Training art,112,,,,,,,,,,,,,,
3,      Transaction list for check expense,113,,,,,,,P,,,,,,,
1,  e-Tax Invoice and e-Receipt,114,,,,,,,,,P,,P,P,,
2,    Master Data,115,,,,,,,,,P,,P,P,,
3,      e-Tax Parameter,118,,,,,,,,,P,,P,P,,
3,      RD/ETDA 1001 Document Name,119,,,,,,,,,P,,P,P,,
3,      RD 1225 Thai Message Function Code,120,,,,,,,,,P,,P,P,,
3,      UN/EDIFACT 5189 Allowance or Charge Identification Code,121,,,,,,,,,P,,P,P,,
3,      UN/EDIFACT 5153 Duty or Tax or Fee type name code,122,,,,,,,,,P,,P,P,,
2,    Transaction,116,,,,,,,,,P,,P,P,,
3,      E-Tax Invoice Printing,123,,P,,,,,,,P,,P,P,,
3,      e_Tax Documents,124,,P,,,,,,,P,,P,P,,
3,      e_Tax Document History,125,,P,,,,,,,P,,P,P,,
2,    Monitors,117,,,,,,,,,P,,P,P,,
3,      e-Tax Errorlog,126,,,,,,,,,P,,P,P,,
3,      TestAccess Token,127,,,,,,,,,P,,P,P,,
1,  Master Data,128,,,,,,,,,,,,,,
2,    Business Partmers Defaults,141,,,,,,,,,,,,,,
2,    Business Partners,142,,,,,, ,,,, ,,,,
2,    Code Definitions,143,,P,,,,,,,,,,,,
3,      Logistic Codes,152,,,,,,,,,,,,,,
4,        Reasons,154,,,,,,,,,,,,,,
3,      Financial Codes,153,,,,,,,,,,,,,,
4,        Currency Rates,155,,P,P,,,,,,,,,,,
2,    Items,144,,P,,,,,,,,,,,,
2,    Business Partners,145,,P,,,,,,,,,,,,
3,      Business Partner Defaults,156,,,,,,P,,,,P,,,,
3,      Business Partners,157,,P,P,,,P,,,,P,,,,
3,      Business Partner Sets,158,,P,,,,P,,,,P,,,,
3,      Easy Entry Business Partner,159,,,,,,P,,,,P,,,,
3,      Invoice-to Bsuiness Partner Balances,160,,,,,,P,,,,P,,,,
3,      Invoice-from Bsuiness Partner Balances,161,,,,,,P,,,,P,,,,
2,    Addresses,146,,P,,,,,,,,,,,,
3,      Addresses,162,,P,P, ,,P,,,,P,,,,
3,      Addresses by Business Partner,163,,,,,,P,,,,P,,,,
3,      Delete Unused Addresses,164,,,,,,P,,,,P,,,,
3,      Address Formats,165,,P,,,,P,,,,P,,,,
3,      Update Address Formats,166,,,,,,P,,,,P,,,,
3,      Intermediate Consingnees,167,,,,,,P,,,,P,,,,
3,      Cities by Country,168,,,,,,P,,,,P,,,,
3,      ZIP Codes/Postal Codes,169,,,,,,P,,,,P,,,,
3,      Distance Table by City,170,,,,,,P,,,,P,,,,
3,      Distance Table by ZIP Code/Postal Code,171,,,,,,P,,,,P,,,,
3,      Delete Unused Cities,172,,,,,,P,,,,P,,,,
3,      Delete Unused ZIP Codes/Postal Codes,173,,,,,,P,,,,P,,,,
3,      Delivery Points,174,,,,,,P,,,,P,,,,
3,      Reference Points,175,,,,,,P,,,,P,,,,
3,      External Address Codes,176,,,,,,P,,,,P,,,,
3,      Ports,177,,,,,,P,,,,P,,,,
2,    Contacts,147,,,,,,,,,,,,,,
2,    Enterprise Model,148,,,,,,,,,,,,,,
2,    Financial Integration Setup,149,,,,,,,,,,,,,,
2,    Multi Site Adoption,150,,,,,,,,,,,,,,
2,    Master Data Parameter,151,,,,,,,,,,,,,,
1,  Financials,129,,,,,,,,,,,P,P,,
2,    Master Data,178,,P,,,,,,,,,P,P,,
3,      Mapping Scheame,190,,P,,,,,,,,,,,,
3,      General Ledger,191,,P,,,,P,,,,P,P,P,,
4,        Structure,195,,,,,,,,,,,,,,
5,          Chart of Accounts,197,,,,,,P,,,,,,,,
5,          Dimension,198,,,,,,P,,,,,,,,
5,          year,199,,P,,,,P,,,,P,,,,
4,        Processing,196,,P,,,,P,,,,P,P,P,,
5,          Transaction Types,200,,P,,,,P,,,P,P,P,P,,
5,          Transaction Types Series,201,,P,,,,P,,,,P,,,,
5,          Transaction Entry Defaults,202,,P,,,,P,,,,P,,,,
5,          Protocol Codes,203,,P,,,,P,,,,P,,,,
5,          Transaction Template,204,,P,,,,P,,,,P,P,P,,
5,          Automatic Transactions,205,,P,,,,P,,,,P,,,,
5,          Recurring Journals,206,,P,,,,P,,,,P,,,,
5,          Finlization Administrators,207,,P,,,,P,,,,P,,,,
3,      Accounts Payable,192,,P,,,,,,,,,,,,
3,      Financial Statements,193,,,,,,,,,,,,,,
4,        Statement Layouts,208,,,,,,P,,,,,,,,
3,      FIXED ASSET ( MASTER มีหลายเมนูแต่เข้าได้เฉพาะ FIXED ASSET เท่านั้น),194,,,,,,,,,P,,P,,,
2,    General Ledger,179,,P,,P,P,P,,,,P,P,P,,
3,      Journal Voucher Entry,209,,P,,,,P,,,P,P,P,P,,
4,        Transaction Entry,216,,P,,,,P,,,P,P,P,P,,
4,        Journal Voucher Entry,217,,P,,,,P,,,P,P,P,P,,
4,        Reverse Entry,218,,P,P,P,P,P,,P,P,P,P,P,,
4,        Transaction,219,,P,P,P,P,P,,P,P,P,P,P,,
3,      Integration Transactions,210,,P,,,,,,,,,,,,
4,        Integration Transactions,220,,P,,,,,,,,,,,,
4,        Integration Transactions Error Log,221,,P,,,,,,,,,,,,
4,        Map Integration Transactions,222,,P,,,,,,,,,,,,
4,        Post Integration Transactions,223,,P,,,,,,,,,,,,
4,        Relog and Replace Logged Elements,224,,P,,,,,,,,,,,,
4,        Remap Posted Integration Transactions,225,,P,,,,,,,,,,,,
4,        Requested Exceptions for Integration Transaction,226,,P,,,,,,,,,,,,
3,      Finalization,211,,P,,,,P,,,P,P,P,P,,
4,        Finalization Run Numbers,227,,P,,,,P,,,P,P,P,,,
4,        Global Selection of Batches for Finalization,228,,P,P,,,P,,P,P,P,P,P,,
4,        Print Non-finalized Transactions,229,,P,P,,,P,,P,P,P,P,P,,
4,        Reprint Journal Report,230,,P,P,,,P,,,P,P,P,P,,
4,        Print Journal,231,,P,,,,P,,,P,P,P,P,,
4,        Print Periodical Journal Report,232,,P,,,,P,,,P,P,P,P,,
4,        Print Batch Status,233,,P,P,,,P,,P,P,P,P,P,,
3,      Periodic Processing,212,,,,,,,,,,,,,,
4,        Period Status,234,,,,,,P,,,,,,,,
4,        Close Year - Provisional,235,,,,,,P,,,,,,,,
4,        Automatic Balancing,236,,,,,,P,,,,,,,,
4,        Close Year,237,,,,,,P,,,,,,,,
3,      Inquiry,213,,,,,,,,,,,P,,,
4,        Ledger History,238,,,,,,P,,,,,P,,,
4,        Dimension History,239,,,,,,P,,,,,,,,
4,        Document History,240,,,,,,P,,,,,P,,,
4,        Financial Batches,241,,,,,,P,,,,,P,,,
4,        Non-Finalized Transaction Lines,242,,,,,,,,,,,P,,,
4,        Finalized Transaction Lines,243,,,,,,,,,,,P,,,
3,      Trial Balance Reporting,214,,,,,,,,,,,,,,
4,        Print Trial Balance,244,,,,,,P,,,,,,,,
4,        Print Trial Balance -Dimension,245,,,,,,P,,,,,,,,
3,      Finalized Transactions Reporting,215,,P,,P,P,P,, ,,P,P,P,,
4,        Print Finalized Transaction - ledger Account,246,,P,P,P,P,P,,P,P,P,P,,,
4,        Print Finalized Transaction - Dimension/Ledger,247,,,,,,P,,,,,,,,
2,    Account Receivable,180,,P,,,,,,,,,P,P,,
3,      Accounts Receivable 360,248,,P,,P,P,,,,,,P,P,,
2,    Accounts Payable,181,,P,,P,P,P,,,,P,,,,
2,    Cash Management,182,,P,,,,,,,,,,,,
3,      Automatic payments,249,,P,,,,,,,,,,,,
3,      Direct Debits,250,,P,,,,,,,,,,,,
2,    Controlling,183,,,,,,,,,,,,,,
2,    Budget Control,184,,,,,,,,,,,,,,
2,    Fixed Assets,185,,,,,,,,,P,,P,,,
2,    Financial Statememts,186,,,,,,,,,,,,,,
3,      Financial Statements,251,,,,,,P,,,,,,,,
3,      Processing Data,252,,,,,,,,,,,,,,
4,        Process Financial Statement Values,257,,,,,,P,,,,,,,,
4,        Print Financial Statement Values,258,,,,,,P,,,,,,,,
3,      External Report Definition,253,,,,,,,,,,,,,,
4,        Export Financial Values,259,,,,,,P,,,,,,,,
4,        Financial Values,260,,,,,,P,,,,,,,,
4,        Process Financial Statement Values,261,,,,,,P,,,,,,,,
4,        Financial statement Values,262,,,,,,P,,,,,,,,
2,    External Integration,187,,,,,,,,,,,,,,
2,    Financial Parameters,188,,,,,,,,,,,,,,
3,      Finance Company Parameter,254,,,,,,P,,,,,,,,
3,      ACP Parameter,255,,,,,,,,,,,,,,
2,    Utilites,189,,,,,,,,,,,P,P,,
3,      General Ledger,256,,P,,,,P,,,,P,P,P,,
4,        Rebuild History,263,,P,,,,,,,,,,,,
5,          Rebuild Parent Account History,265,,,,,,P,,,,,,,,
5,          Rebuild Parent Dimension History,266,,,,,,P,,,,,,,,
5,          Rebuild Opening Balance/History from Transaction,267,,,,,,P,,,,,,,,
5,          Rebuild History for Account Matching,268,,,,,,P,,,,,,,,
4,        Restart Processes,264,,P,,,,P,,,,P,P,P,,
5,          Change Interrupted Batch Status,269,,,,,,P,,P,,P,P,P,,
1,  Invoicing,130,,P,,,,,,,,,,,,
2,    Invoicing 360,270,,P,,,,,,,,,,,,
1,  Common,131,,,,,,,,,,,,,,
2,    Taxation,271,,,,,, ,,,, ,,,,
3,      Tax Configuration,277,,,,,,P,,,,P,,,,
3,      Tax Reporting,278,,,,,,P,,,,P,,,,
3,      Master Data,279,,,,,,P,,,,P,,,,
3,      Parameters,280,,,,,,P,,,,P,,,,
2,    Utilites,272,,P,,,,P,,,,,,,,
2,    General Ledger,273,,P,,,,P,,,,,,,,
3,      Restart Processes,281,,P,,,,P,,,,,,,,
4,        Change Interrupted Batch Status,284,,P, ,,,P,,,,,,,,
1,  Tools,132,,,,P,P,,,,,,,,,
2,    Device Management,274,,P,,P,P,P,,,,,,,,
3,      Document Rendering and Distribution,282,,,,P,P,,,,,,,,,
3,      User Data,283,,,,,,,,,,,,,P,
1,  Options,133,,P,,,,,,,,P,,P,,
2,    Restart,275,,,,,,P,,,,P,,P,,
1,  Log Monitoring,134,,,,,,,,,,,,,,
2,    Print user history,276,,,,,,,,,,,,,,P
